Title,Info,Rating,Rating People,Comment
肖申克的救赎,"导演: 弗兰克·德拉邦特 Frank Darabont   主演: 蒂姆·罗宾斯 Tim Robbins /...
                            1994 / 美国 / 犯罪 剧情
                        


9.7

3155287人评价


希望让人自由。",9.7,3155287人评价,希望让人自由。
霸王别姬,"导演: 陈凯歌 Kaige Chen   主演: 张国荣 Leslie Cheung / 张丰毅 Fengyi Zha...
                            1993 / 中国大陆 中国香港 / 剧情 爱情 同性
                        


9.6

2329372人评价


风华绝代。",9.6,2329372人评价,风华绝代。
泰坦尼克号,"导演: 詹姆斯·卡梅隆 James Cameron   主演: 莱昂纳多·迪卡普里奥 Leonardo...
                            1997 / 美国 墨西哥 / 剧情 爱情 灾难
                        


9.5

2393132人评价


失去的才是永恒的。",9.5,2393132人评价,失去的才是永恒的。 
阿甘正传,"导演: 罗伯特·泽米吉斯 Robert Zemeckis   主演: 汤姆·汉克斯 Tom Hanks / ...
                            1994 / 美国 / 剧情 爱情
                        


9.5

2344961人评价


一部美国近现代史。",9.5,2344961人评价,一部美国近现代史。
千与千寻,"导演: 宫崎骏 Hayao Miyazaki   主演: 柊瑠美 Rumi Hîragi / 入野自由 Miy...
                            2001 / 日本 / 剧情 动画 奇幻
                        


9.4

2437256人评价


最好的宫崎骏，最好的久石让。",9.4,2437256人评价,最好的宫崎骏，最好的久石让。 
美丽人生,"导演: 罗伯托·贝尼尼 Roberto Benigni   主演: 罗伯托·贝尼尼 Roberto Beni...
                            1997 / 意大利 / 剧情 喜剧 爱情 战争
                        


9.5

1430141人评价


最美的谎言。",9.5,1430141人评价,最美的谎言。
这个杀手不太冷,"导演: 吕克·贝松 Luc Besson   主演: 让·雷诺 Jean Reno / 娜塔莉·波特曼 ...
                            1994 / 法国 美国 / 剧情 动作 犯罪
                        


9.4

2475831人评价


怪蜀黍和小萝莉不得不说的故事。",9.4,2475831人评价,怪蜀黍和小萝莉不得不说的故事。
星际穿越,"导演: 克里斯托弗·诺兰 Christopher Nolan   主演: 马修·麦康纳 Matthew Mc...
                            2014 / 美国 英国 加拿大 / 剧情 科幻 冒险
                        


9.4

2068933人评价


爱是一种力量，让我们超越时空感知它的存在。",9.4,2068933人评价,爱是一种力量，让我们超越时空感知它的存在。
盗梦空间,"导演: 克里斯托弗·诺兰 Christopher Nolan   主演: 莱昂纳多·迪卡普里奥 Le...
                            2010 / 美国 英国 / 剧情 科幻 悬疑 冒险
                        


9.4

2240754人评价


诺兰给了我们一场无法盗取的梦。",9.4,2240754人评价,诺兰给了我们一场无法盗取的梦。
楚门的世界,"导演: 彼得·威尔 Peter Weir   主演: 金·凯瑞 Jim Carrey / 劳拉·琳妮 Lau...
                            1998 / 美国 / 剧情 科幻
                        


9.4

1922017人评价


如果再也不能见到你，祝你早安，午安，晚安。",9.4,1922017人评价,如果再也不能见到你，祝你早安，午安，晚安。
辛德勒的名单,"导演: 史蒂文·斯皮尔伯格 Steven Spielberg   主演: 连姆·尼森 Liam Neeson...
                            1993 / 美国 / 剧情 历史 战争
                        


9.5

1207345人评价


拯救一个人，就是拯救整个世界。",9.5,1207345人评价,拯救一个人，就是拯救整个世界。
忠犬八公的故事,"导演: 莱塞·霍尔斯道姆 Lasse Hallström   主演: 理查·基尔 Richard Ger...
                            2009 / 美国 英国 / 剧情
                        


9.4

1494657人评价


永远都不能忘记你所爱的人。",9.4,1494657人评价,永远都不能忘记你所爱的人。
海上钢琴师,"导演: 朱塞佩·托纳多雷 Giuseppe Tornatore   主演: 蒂姆·罗斯 Tim Roth / ...
                            1998 / 意大利 / 剧情 音乐
                        


9.3

1817074人评价


每个人都要走一条自己坚定了的路，就算是粉身碎骨。",9.3,1817074人评价,每个人都要走一条自己坚定了的路，就算是粉身碎骨。 
三傻大闹宝莱坞,"导演: 拉库马·希拉尼 Rajkumar Hirani   主演: 阿米尔·汗 Aamir Khan / 卡...
                            2009 / 印度 / 剧情 喜剧 爱情 歌舞
                        


9.2

2005327人评价


英俊版憨豆，高情商版谢耳朵。",9.2,2005327人评价,英俊版憨豆，高情商版谢耳朵。
疯狂动物城,"导演: 拜伦·霍华德 Byron Howard / 瑞奇·摩尔 Rich Moore   主演: 金妮弗·...
                            2016 / 美国 / 喜剧 动画 冒险
                        


9.2

2154059人评价


迪士尼给我们营造的乌托邦就是这样，永远善良勇敢，永远出乎意料。",9.2,2154059人评价,迪士尼给我们营造的乌托邦就是这样，永远善良勇敢，永远出乎意料。
放牛班的春天,"导演: 克里斯托夫·巴拉蒂 Christophe Barratier   主演: 让-巴蒂斯特·莫尼...
                            2004 / 法国 瑞士 德国 / 剧情 音乐
                        


9.3

1422887人评价


天籁一般的童声，是最接近上帝的存在。",9.3,1422887人评价,天籁一般的童声，是最接近上帝的存在。 
机器人总动员,"导演: 安德鲁·斯坦顿 Andrew Stanton   主演: 本·贝尔特 Ben Burtt / 艾丽...
                            2008 / 美国 / 科幻 动画 冒险
                        


9.3

1430073人评价


小瓦力，大人生。",9.3,1430073人评价,小瓦力，大人生。
无间道,"导演: 刘伟强 / 麦兆辉   主演: 刘德华 Andy Lau / 梁朝伟 Tony Leung Chiu W...
                            2002 / 中国香港 / 剧情 犯罪 惊悚
                        


9.3

1500649人评价


香港电影史上永不过时的杰作。",9.3,1500649人评价,香港电影史上永不过时的杰作。
控方证人,"导演: 比利·怀尔德 Billy Wilder   主演: 泰隆·鲍华 Tyrone Power / 玛琳·...
                            1957 / 美国 / 剧情 犯罪 悬疑 惊悚
                        


9.6

664328人评价


比利·怀德满分作品。",9.6,664328人评价,比利·怀德满分作品。
大话西游之大圣娶亲,"导演: 刘镇伟 Jeffrey Lau   主演: 周星驰 Stephen Chow / 吴孟达 Man Tat Ng...
                            1995 / 中国香港 中国大陆 / 喜剧 爱情 奇幻 古装
                        


9.2

1652654人评价


一生所爱。",9.2,1652654人评价,一生所爱。
熔炉,"导演: 黄东赫 Dong-hyuk Hwang   主演: 孔侑 Yoo Gong / 郑有美 Yu-mi Jung /...
                            2011 / 韩国 / 剧情
                        


9.3

1004422人评价


我们一路奋战不是为了改变世界，而是为了不让世界改变我们。",9.3,1004422人评价,我们一路奋战不是为了改变世界，而是为了不让世界改变我们。
触不可及,"导演: 奥利维·那卡什 Olivier Nakache / 艾力克·托兰达 Eric Toledano   主...
                            2011 / 法国 / 剧情 喜剧
                        


9.3

1239022人评价


满满温情的高雅喜剧。",9.3,1239022人评价,满满温情的高雅喜剧。
教父,"导演: 弗朗西斯·福特·科波拉 Francis Ford Coppola   主演: 马龙·白兰度 M...
                            1972 / 美国 / 剧情 犯罪
                        


9.3

1060035人评价


千万不要记恨你的对手，这样会让你失去理智。",9.3,1060035人评价,千万不要记恨你的对手，这样会让你失去理智。
寻梦环游记,"导演: 李·昂克里奇 Lee Unkrich / 阿德里安·莫利纳 Adrian Molina   主演: ...
                            2017 / 美国 / 喜剧 动画 奇幻 音乐
                        


9.1

1878352人评价


死亡不是真的逝去，遗忘才是永恒的消亡。",9.1,1878352人评价,死亡不是真的逝去，遗忘才是永恒的消亡。
当幸福来敲门,"导演: 加布里尔·穆奇诺 Gabriele Muccino   主演: 威尔·史密斯 Will Smith ...
                            2006 / 美国 / 剧情 传记 家庭
                        


9.2

1634659人评价


平民励志片。",9.2,1634659人评价,平民励志片。 
末代皇帝,"导演: 贝纳尔多·贝托鲁奇 Bernardo Bertolucci   主演: 尊龙 John Lone / 陈...
                            1987 / 英国 意大利 中国大陆 法国 / 剧情 传记 历史
                        


9.3

983302人评价


“不要跟我比惨，我比你更惨”再适合这部电影不过了。",9.3,983302人评价,“不要跟我比惨，我比你更惨”再适合这部电影不过了。
龙猫,"导演: 宫崎骏 Hayao Miyazaki   主演: 日高法子 Noriko Hidaka / 坂本千夏 Ch...
                            1988 / 日本 / 动画 奇幻 冒险
                        


9.2

1365046人评价


人人心中都有个龙猫，童年就永远不会消失。",9.2,1365046人评价,人人心中都有个龙猫，童年就永远不会消失。
哈利·波特与魔法石,"导演: Chris Columbus   主演: Daniel Radcliffe / Emma Watson / Rupert Grint
                            2001 / 美国 英国 / 奇幻 冒险
                        


9.2

1353792人评价


童话世界的开端。",9.2,1353792人评价,童话世界的开端。
怦然心动,"导演: 罗伯·莱纳 Rob Reiner   主演: 玛德琳·卡罗尔 Madeline Carroll / 卡...
                            2010 / 美国 / 剧情 喜剧 爱情
                        


9.1

1981098人评价


真正的幸福是来自内心深处。",9.1,1981098人评价,真正的幸福是来自内心深处。
活着,"导演: 张艺谋 Yimou Zhang   主演: 葛优 You Ge / 巩俐 Li Gong / 姜武 Wu Jiang
                            1994 / 中国大陆 中国香港 / 剧情 历史 家庭
                        


9.3

931824人评价


张艺谋最好的电影。",9.3,931824人评价,张艺谋最好的电影。
蝙蝠侠：黑暗骑士,"导演: 克里斯托弗·诺兰 Christopher Nolan   主演: 克里斯蒂安·贝尔 Christ...
                            2008 / 美国 英国 / 剧情 动作 科幻 犯罪 惊悚
                        


9.2

1151749人评价


无尽的黑暗。",9.2,1151749人评价,无尽的黑暗。
指环王3：王者无敌,"导演: 彼得·杰克逊 Peter Jackson   主演: 伊利亚·伍德 Elijah Wood / 西恩...
                            2003 / 美国 新西兰 / 剧情 动作 奇幻 冒险
                        


9.3

875934人评价


史诗的终章。",9.3,875934人评价,史诗的终章。
我不是药神,"导演: 文牧野 Muye Wen   主演: 徐峥 Zheng Xu / 王传君 Chuanjun Wang / 周...
                            2018 / 中国大陆 / 剧情 喜剧
                        


9.0

2276401人评价


对我们国家而言，这样的电影多一部是一部。",9.0,2276401人评价,对我们国家而言，这样的电影多一部是一部。
乱世佳人,"导演: 维克多·弗莱明 Victor Fleming / 乔治·库克 George Cukor   主演: 费...
                            1939 / 美国 / 剧情 历史 爱情 战争
                        


9.3

757872人评价


Tomorrow is another day.",9.3,757872人评价,Tomorrow is another day.
飞屋环游记,"导演: 彼特·道格特 Pete Docter / 鲍勃·彼德森 Bob Peterson   主演: 爱德...
                            2009 / 美国 / 剧情 喜剧 动画 冒险
                        


9.1

1442060人评价


最后那些最无聊的事情，才是最值得怀念的。",9.1,1442060人评价,最后那些最无聊的事情，才是最值得怀念的。 
让子弹飞,"导演: 姜文 Wen Jiang   主演: 姜文 Wen Jiang / 葛优 You Ge / 周润发 Yun-F...
                            2010 / 中国大陆 中国香港 / 剧情 喜剧 动作 西部
                        


9.0

1851869人评价


你给我翻译翻译，神马叫做TMD的惊喜。",9.0,1851869人评价,你给我翻译翻译，神马叫做TMD的惊喜。
哈尔的移动城堡,"导演: 宫崎骏 Hayao Miyazaki   主演: 倍赏千惠子 Chieko Baishô / 木村拓...
                            2004 / 日本 / 爱情 动画 奇幻 冒险
                        


9.1

1224413人评价


带着心爱的人在天空飞翔。",9.1,1224413人评价,带着心爱的人在天空飞翔。
素媛,"导演: 李濬益 Jun-ik Lee   主演: 薛景求 Kyung-gu Sol / 严志媛 Ji-won Uhm ...
                            2013 / 韩国 / 剧情
                        


9.3

749013人评价


受过伤害的人总是笑得最开心，因为他们不愿意让身边的人承受一样的痛苦。",9.3,749013人评价,受过伤害的人总是笑得最开心，因为他们不愿意让身边的人承受一样的痛苦。
十二怒汉,"导演: Sidney Lumet   主演: 亨利·方达 Henry Fonda / 马丁·鲍尔萨姆 Marti...
                            1957 / 美国 / 剧情
                        


9.4

550715人评价


1957年的理想主义。",9.4,550715人评价,1957年的理想主义。 
海蒂和爷爷,"导演: 阿兰·葛斯彭纳 Alain Gsponer   主演: 阿努克·斯特芬 Anuk Steffen /...
                            2015 / 德国 瑞士 / 剧情 冒险 家庭
                        


9.3

727334人评价


如果生活中有什么使你感到快乐，那就去做吧！不要管别人说什么。",9.3,727334人评价,如果生活中有什么使你感到快乐，那就去做吧！不要管别人说什么。
猫鼠游戏,"导演: 史蒂文·斯皮尔伯格 Steven Spielberg   主演: 莱昂纳多·迪卡普里奥 L...
                            2002 / 美国 加拿大 / 传记 犯罪 剧情
                        


9.1

1151070人评价


骗子大师和执著警探的你追我跑故事。",9.1,1151070人评价,骗子大师和执著警探的你追我跑故事。 
天空之城,"导演: 宫崎骏 Hayao Miyazaki   主演: 田中真弓 Mayumi Tanaka / 横泽启子 Ke...
                            1986 / 日本 / 动画 奇幻 冒险
                        


9.2

969231人评价


对天空的追逐，永不停止。",9.2,969231人评价,对天空的追逐，永不停止。 
摔跤吧！爸爸,"导演: 涅提·蒂瓦里 Nitesh Tiwari   主演: 阿米尔·汗 Aamir Khan / 法缇玛...
                            2016 / 印度 / 剧情 传记 运动 家庭
                        


9.0

1688870人评价


你不是在为你一个人战斗，你要让千千万万的女性看到女生并不是只能相夫教子。",9.0,1688870人评价,你不是在为你一个人战斗，你要让千千万万的女性看到女生并不是只能相夫教子。
鬼子来了,"导演: 姜文 Wen Jiang   主演: 姜文 Wen Jiang / 香川照之 Teruyuki Kagawa /...
                            2000 / 中国大陆 / 剧情 喜剧
                        


9.3

686116人评价


对敌人的仁慈，就是对自己残忍。",9.3,686116人评价,对敌人的仁慈，就是对自己残忍。
少年派的奇幻漂流,"导演: 李安 Ang Lee   主演: 苏拉·沙玛 Suraj Sharma / 伊尔凡·可汗 Irrfan...
                            2012 / 美国 中国台湾 英国 加拿大 / 剧情 奇幻 冒险
                        


9.1

1445372人评价


瑰丽壮观、无人能及的冒险之旅。",9.1,1445372人评价,瑰丽壮观、无人能及的冒险之旅。
钢琴家,"导演: 罗曼·波兰斯基 Roman Polanski   主演: 艾德里安·布洛迪 Adrien Brod...
                            2002 / 英国 法国 波兰 德国 美国 / 剧情 传记 战争 音乐
                        


9.3

716142人评价",9.3,716142人评价,N/A
指环王2：双塔奇兵,"导演: 彼得·杰克逊 Peter Jackson   主演: 伊利亚·伍德 Elijah Wood / 西恩...
                            2002 / 美国 新西兰 / 剧情 动作 奇幻 冒险
                        


9.2

824019人评价


承前启后的史诗篇章。",9.2,824019人评价,承前启后的史诗篇章。
大话西游之月光宝盒,"导演: 刘镇伟 Jeffrey Lau   主演: 周星驰 Stephen Chow / 吴孟达 Man Tat Ng...
                            1995 / 中国香港 中国大陆 / 喜剧 爱情 奇幻 古装
                        


9.0

1317233人评价",9.0,1317233人评价,N/A
死亡诗社,"导演: 彼得·威尔 Peter Weir   主演: 罗宾·威廉姆斯 Robin Williams / 罗伯...
                            1989 / 美国 / 剧情
                        


9.2

829599人评价


当一个死水般的体制内出现一个活跃的变数时，所有的腐臭都站在了光明的对面。",9.2,829599人评价,当一个死水般的体制内出现一个活跃的变数时，所有的腐臭都站在了光明的对面。
何以为家,"导演: 娜丁·拉巴基 Nadine Labaki   主演: 扎因·拉费阿 Zain al-Rafeea / ...
                            2018 / 黎巴嫩 美国 法国 塞浦路斯 卡塔尔 英国 / 剧情
                        


9.1

1129333人评价


凝视卑弱生命，用电影改变命运。",9.1,1129333人评价,凝视卑弱生命，用电影改变命运。
闻香识女人,"导演: 马丁·布莱斯 Martin Brest   主演: 阿尔·帕西诺 Al Pacino / 克里斯...
                            1992 / 美国 / 剧情
                        


9.1

982411人评价",9.1,982411人评价,N/A
绿皮书,"导演: 彼得·法雷里 Peter Farrelly   主演: 维果·莫腾森 Viggo Mortensen /...
                            2018 / 美国 中国大陆 / 剧情 喜剧 传记 音乐
                        


8.9

1814751人评价


去除成见，需要勇气。",8.9,1814751人评价,去除成见，需要勇气。
大闹天宫,"导演: 万籁鸣 Laiming Wan   主演: 邱岳峰 Yuefeng Qiu / 富润生 Runsheng Fu...
                            1961(中国大陆) / 1964(中国大陆) / 1978(中国大陆) / 中国大陆 / 剧情 动画 奇幻 古装
                        


9.4

487361人评价",9.4,487361人评价,N/A
黑客帝国,"导演: 安迪·沃卓斯基 Andy Wachowski / 拉娜·沃卓斯基 Lana Wachowski   主...
                            1999 / 美国 / 动作 科幻
                        


9.1

911852人评价",9.1,911852人评价,N/A
罗马假日,"导演: 威廉·惠勒 William Wyler   主演: 奥黛丽·赫本 Audrey Hepburn / 格...
                            1953 / 美国 / 喜剧 剧情 爱情
                        


9.1

1015946人评价",9.1,1015946人评价,N/A
指环王1：护戒使者,"导演: 彼得·杰克逊 Peter Jackson   主演: 伊利亚·伍德 Elijah Wood / 西恩...
                            2001 / 新西兰 美国 / 剧情 动作 奇幻 冒险
                        


9.1

923590人评价",9.1,923590人评价,N/A
教父2,"导演: 弗朗西斯·福特·科波拉 Francis Ford Coppola   主演: 阿尔·帕西诺 A...
                            1974 / 美国 / 剧情 犯罪
                        


9.3

610148人评价",9.3,610148人评价,N/A
狮子王,"导演: Roger Allers / 罗伯·明可夫 Rob Minkoff   主演: 乔纳森·泰勒·托马...
                            1994 / 美国 / 动画 冒险 歌舞
                        


9.1

924590人评价",9.1,924590人评价,N/A
天堂电影院,"导演: 朱塞佩·托纳多雷 Giuseppe Tornatore   主演: 菲利普·努瓦雷 Philipp...
                            1988 / 意大利 法国 / 剧情 爱情
                        


9.2

720908人评价",9.2,720908人评价,N/A
饮食男女,"导演: 李安 Ang Lee   主演: 郎雄 Sihung Lung / 杨贵媚 Kuei-Mei Yang / 吴...
                            1994 / 中国台湾 美国 / 剧情 家庭
                        


9.2

687444人评价",9.2,687444人评价,N/A
辩护人,"导演: 杨宇硕 Woo-seok Yang   主演: 宋康昊 Kang-ho Song / 金英爱 Yeong-ae...
                            2013 / 韩国 / 剧情
                        


9.2

639434人评价


电影的现实意义大过电影本身。",9.2,639434人评价,电影的现实意义大过电影本身。
搏击俱乐部,"导演: 大卫·芬奇 David Fincher   主演: 爱德华·诺顿 Edward Norton / 布拉...
                            1999 / 美国 / 剧情 动作 悬疑 惊悚
                        


9.0

927801人评价",9.0,927801人评价,N/A
本杰明·巴顿奇事,"导演: 大卫·芬奇 David Fincher   主演: 凯特·布兰切特 Cate Blanchett / ...
                            2008 / 美国 / 剧情 爱情 奇幻
                        


9.0

1065887人评价


在时间之河里感受溺水之苦。",9.0,1065887人评价,在时间之河里感受溺水之苦。
美丽心灵,"导演: 朗·霍华德 Ron Howard   主演: 罗素·克劳 Russell Crowe / 艾德·哈...
                            2001 / 美国 / 传记 剧情
                        


9.1

829164人评价",9.1,829164人评价,N/A
穿条纹睡衣的男孩,"导演: 马克·赫尔曼 Mark Herman   主演: 阿萨·巴特菲尔德 Asa Butterfield ...
                            2008 / 英国 美国 / 剧情 战争
                        


9.2

619425人评价


尽管有些不切实际的幻想，这部电影依旧是一部感人肺腑的佳作。",9.2,619425人评价,尽管有些不切实际的幻想，这部电影依旧是一部感人肺腑的佳作。
情书,"导演: 岩井俊二 Shunji Iwai   主演: 中山美穗 Miho Nakayama / 丰川悦司 Ets...
                            1995 / 日本 / 剧情 爱情
                        


8.9

1248532人评价",8.9,1248532人评价,N/A
窃听风暴,"导演: 弗洛里安·亨克尔·冯·多纳斯马尔克 Florian Henckel von Donnersmarck  &n...
                            2006 / 德国 / 剧情 悬疑
                        


9.2

612773人评价


别样人生。",9.2,612773人评价,别样人生。
两杆大烟枪,"导演: 盖·里奇 Guy Ritchie   主演: 杰森·弗莱明 Jason Flemyng / 德克斯特...
                            1998 / 英国 / 剧情 喜剧 犯罪
                        


9.1

651070人评价",9.1,651070人评价,N/A
哈利·波特与死亡圣器(下),"导演: 大卫·叶茨 David Yates   主演: 丹尼尔·雷德克里夫 Daniel Radcliffe...
                            2011 / 美国 英国 / 奇幻 冒险
                        


9.0

931224人评价


10年的完美句点。",9.0,931224人评价,10年的完美句点。
音乐之声,"导演: 罗伯特·怀斯 Robert Wise   主演: 朱莉·安德鲁斯 Julie Andrews / 克...
                            1965 / 美国 / 剧情 传记 爱情 歌舞
                        


9.1

658753人评价",9.1,658753人评价,N/A
西西里的美丽传说,"导演: 朱塞佩·托纳多雷 Giuseppe Tornatore   主演: 莫妮卡·贝鲁奇 Monica ...
                            2000 / 意大利 美国 / 剧情 战争 情色
                        


8.9

1058983人评价",8.9,1058983人评价,N/A
阿凡达,"导演: 詹姆斯·卡梅隆 James Cameron   主演: 萨姆·沃辛顿 Sam Worthington ...
                            2009 / 美国 / 动作 科幻 冒险
                        


8.8

1526192人评价


绝对意义上的美轮美奂。",8.8,1526192人评价,绝对意义上的美轮美奂。
功夫,"导演: 周星驰 Stephen Chow   主演: 周星驰 Stephen Chow / 元秋 Qiu Yuen / ...
                            2004 / 中国大陆 中国香港 / 动作 喜剧 犯罪 奇幻
                        


8.9

1273235人评价


警恶惩奸，维护世界和平这个任务就交给你了，好吗？",8.9,1273235人评价,警恶惩奸，维护世界和平这个任务就交给你了，好吗？
看不见的客人,"导演: 奥里奥尔·保罗 Oriol Paulo   主演: 马里奥·卡萨斯 Mario Casas / 阿...
                            2016 / 西班牙 / 剧情 犯罪 悬疑 惊悚
                        


8.8

1389614人评价


你以为你以为的就是你以为的。",8.8,1389614人评价,你以为你以为的就是你以为的。
哈利·波特与阿兹卡班的囚徒,"导演: 阿方索·卡隆 Alfonso Cuarón   主演: 丹尼尔·雷德克里夫 Daniel Rad...
                            2004 / 英国 美国 / 奇幻 冒险
                        


9.0

848029人评价


不一样的导演，不一样的哈利·波特。",9.0,848029人评价,不一样的导演，不一样的哈利·波特。
拯救大兵瑞恩,"导演: 史蒂文·斯皮尔伯格 Steven Spielberg   主演: 汤姆·汉克斯 Tom Hanks...
                            1998 / 美国 / 剧情 战争
                        


9.1

700078人评价",9.1,700078人评价,N/A
小鞋子,"导演: 马基德·马基迪 Majid Majidi   主演: 默罕默德·阿米尔·纳吉 Mohamma...
                            1997 / 伊朗 / 剧情 儿童 家庭
                        


9.2

447082人评价",9.2,447082人评价,N/A
沉默的羔羊,"导演: 乔纳森·戴米 Jonathan Demme   主演: 朱迪·福斯特 Jodie Foster / 安...
                            1991 / 美国 / 剧情 犯罪 惊悚
                        


8.9

977525人评价",8.9,977525人评价,N/A
飞越疯人院,"导演: 米洛斯·福尔曼 Miloš Forman   主演: 杰克·尼科尔森 Jack Nichols...
                            1975 / 美国 / 剧情
                        


9.1

585822人评价",9.1,585822人评价,N/A
布达佩斯大饭店,"导演: 韦斯·安德森 Wes Anderson   主演: 拉尔夫·费因斯 Ralph Fiennes / ...
                            2014 / 美国 德国 英国 / 剧情 喜剧 冒险
                        


8.9

1041236人评价


小清新的故事里注入了大历史的情怀。",8.9,1041236人评价,小清新的故事里注入了大历史的情怀。
蝴蝶效应,"导演: 埃里克·布雷斯 Eric Bress / J·麦基·格鲁伯 J. Mackye Gruber   主...
                            2004 / 美国 加拿大 / 剧情 悬疑 科幻 惊悚
                        


8.9

1026298人评价


人的命运被自己瞬间的抉择改变。",8.9,1026298人评价,人的命运被自己瞬间的抉择改变。
禁闭岛,"导演: Martin Scorsese   主演: 莱昂纳多·迪卡普里奥 Leonardo DiCaprio / ...
                            2010 / 美国 / 剧情 悬疑 惊悚
                        


8.9

1070902人评价


昔日翩翩少年，今日大腹便便。",8.9,1070902人评价,昔日翩翩少年，今日大腹便便。
致命魔术,"导演: 克里斯托弗·诺兰 Christopher Nolan   主演: 休·杰克曼 Hugh Jackman...
                            2006 / 英国 美国 / 剧情 悬疑 惊悚
                        


8.9

932820人评价


孪生蝙蝠侠大战克隆金刚狼。",8.9,932820人评价,孪生蝙蝠侠大战克隆金刚狼。
心灵捕手,"导演: 格斯·范·桑特 Gus Van Sant   主演: 马特·达蒙 Matt Damon / 罗宾·...
                            1997 / 美国 / 剧情
                        


9.0

787318人评价",9.0,787318人评价,N/A
低俗小说,"导演: 昆汀·塔伦蒂诺 Quentin Tarantino   主演: 约翰·特拉沃尔塔 John Tra...
                            1994 / 美国 / 剧情 喜剧 犯罪
                        


8.9

920202人评价",8.9,920202人评价,N/A
超脱,"导演: 托尼·凯耶 Tony Kaye   主演: 艾德里安·布洛迪 Adrien Brody / 马西...
                            2011 / 美国 / 剧情
                        


9.0

689188人评价


穷尽一生，我们要学会的，不过是彼此拥抱。",9.0,689188人评价,穷尽一生，我们要学会的，不过是彼此拥抱。
哈利·波特与密室,"导演: Chris Columbus   主演: 丹尼尔·雷德克里夫 Daniel Radcliffe / 艾玛...
                            2002 / 英国 美国 / 奇幻 冒险
                        


8.9

873676人评价",8.9,873676人评价,N/A
摩登时代,"导演: 查理·卓别林 Charles Chaplin   主演: 查理·卓别林 Charles Chaplin ...
                            1936 / 美国 / 剧情 喜剧 爱情
                        


9.3

332243人评价",9.3,332243人评价,N/A
喜剧之王,"导演: 周星驰 Stephen Chow / 李力持 Lik-Chi Lee   主演: 周星驰 Stephen Ch...
                            1999 / 中国香港 / 喜剧 剧情 爱情
                        


8.8

1053525人评价",8.8,1053525人评价,N/A
致命ID,"导演: 詹姆斯·曼高德 James Mangold   主演: 约翰·库萨克 John Cusack / 雷...
                            2003 / 美国 / 剧情 悬疑 惊悚
                        


8.9

909477人评价",8.9,909477人评价,N/A
杀人回忆,"导演: 奉俊昊 Joon-ho Bong   主演: 宋康昊 Kang-ho Song / 金相庆 Sang-kyun...
                            2003 / 韩国 / 剧情 动作 犯罪 悬疑 惊悚
                        


8.9

799971人评价",8.9,799971人评价,N/A
春光乍泄,"导演: 王家卫 Kar Wai Wong   主演: 张国荣 Leslie Cheung / 梁朝伟 Tony Leu...
                            1997 / 中国香港 日本 韩国 / 剧情 爱情 同性
                        


9.0

687080人评价",9.0,687080人评价,N/A
海豚湾,"导演: 路易·西霍尤斯 Louie Psihoyos   主演: 路易·西霍尤斯 Louie Psihoyo...
                            2009 / 美国 / 纪录片
                        


9.3

374946人评价


海豚的微笑，是世界上最高明的伪装。",9.3,374946人评价,海豚的微笑，是世界上最高明的伪装。
一一,"导演: 杨德昌 Edward Yang   主演: 吴念真 / 李凯莉 Kelly Lee / 金燕玲 Elai...
                            2000 / 中国台湾 日本 / 剧情 爱情 家庭
                        


9.1

463994人评价",9.1,463994人评价,N/A
美国往事,"导演: 赛尔乔·莱翁内 Sergio Leone   主演: 罗伯特·德尼罗 Robert De Niro ...
                            1984 / 美国 意大利 / 犯罪 剧情
                        


9.1

453608人评价",9.1,453608人评价,N/A
加勒比海盗,"导演: 戈尔·维宾斯基 Gore Verbinski   主演: 约翰尼·德普 Johnny Depp / ...
                            2003 / 美国 / 动作 冒险 奇幻
                        


8.8

933984人评价",8.8,933984人评价,N/A
红辣椒,"导演: 今敏 Satoshi Kon   主演: 林原惠美 Megumi Hayashibara / 江守彻 Toru...
                            2006 / 日本 / 动画 悬疑 科幻 惊悚
                        


9.0

537699人评价


梦的勾结。",9.0,537699人评价,梦的勾结。
七宗罪,"导演: 大卫·芬奇 David Fincher   主演: 摩根·弗里曼 Morgan Freeman / 布...
                            1995 / 美国 / 剧情 犯罪 悬疑 惊悚
                        


8.8

1019324人评价",8.8,1019324人评价,N/A
唐伯虎点秋香,"导演: 李力持 Lik-Chi Lee   主演: 周星驰 Stephen Chow / 巩俐 Li Gong / 陈...
                            1993 / 中国香港 / 喜剧 爱情 古装
                        


8.7

1180462人评价",8.7,1180462人评价,N/A
狩猎,"导演: 托马斯·温特伯格 Thomas Vinterberg   主演: 麦斯·米科尔森 Mads Mik...
                            2012 / 丹麦 瑞典 / 剧情
                        


9.1

445529人评价


人言可畏。",9.1,445529人评价,人言可畏。
甜蜜蜜,"导演: 陈可辛 Peter Chan   主演: 黎明 Leon Lai / 张曼玉 Maggie Cheung / ...
                            1996 / 中国香港 / 剧情 爱情
                        


8.9

638829人评价",8.9,638829人评价,N/A
7号房的礼物,"导演: 李焕庆 Hwan-kyeong Lee   主演: 柳承龙 Seung-yong Ryoo / 朴信惠 Shi...
                            2013 / 韩国 / 剧情 喜剧 家庭
                        


8.9

603619人评价


《我是山姆》的《美丽人生》。",8.9,603619人评价,《我是山姆》的《美丽人生》。
蝙蝠侠：黑暗骑士崛起,"导演: 克里斯托弗·诺兰 Christopher Nolan   主演: 克里斯蒂安·贝尔 Christ...
                            2012 / 美国 英国 / 剧情 动作 科幻 犯罪 惊悚
                        


8.9

785797人评价


诺兰就是保证。",8.9,785797人评价,诺兰就是保证。
还有明天,"导演: 宝拉·柯特莱西 Paola Cortellesi   主演: 宝拉·柯特莱西 Paola Corte...
                            2023 / 意大利 / 剧情 喜剧 历史
                        


9.4

260591人评价",9.4,260591人评价,N/A
寄生虫,"导演: 奉俊昊 Joon-ho Bong   主演: 宋康昊 Kang-ho Song / 李善均 Seon-gyun...
                            2019 / 韩国 / 剧情
                        


8.8

1492878人评价",8.8,1492878人评价,N/A
天书奇谭,"导演: 王树忱 Shuchen Wang / 钱运达 Yunda Qian   主演: 丁建华 Jianhua Din...
                            1983(中国大陆) / 2021 / 中国大陆 / 动画 奇幻
                        


9.2

313126人评价",9.2,313126人评价,N/A
超能陆战队,"导演: 唐·霍尔 Don Hall / 克里斯·威廉姆斯 Chris Williams   主演: 斯科特...
                            2014 / 美国 / 喜剧 动作 科幻 动画 冒险
                        


8.8

1106363人评价


Balalala~~~",8.8,1106363人评价,Balalala~~~
被嫌弃的松子的一生,"导演: 中岛哲也 Tetsuya Nakashima   主演: 中谷美纪 Miki Nakatani / 瑛太 E...
                            2006 / 日本 / 剧情 歌舞
                        


8.8

752888人评价


以戏谑来戏谑戏谑。",8.8,752888人评价,以戏谑来戏谑戏谑。
爱在黎明破晓前,"导演: 理查德·林克莱特 Richard Linklater   主演: 伊桑·霍克 Ethan Hawke ...
                            1995 / 美国 奥地利 瑞士 / 剧情 爱情
                        


8.8

762130人评价",8.8,762130人评价,N/A
第六感,"导演: M·奈特·沙马兰 M. Night Shyamalan   主演: 布鲁斯·威利斯 Bruce Wi...
                            1999 / 美国 / 剧情 悬疑 惊悚
                        


8.9

612405人评价",8.9,612405人评价,N/A
重庆森林,"导演: 王家卫 Kar Wai Wong   主演: 林青霞 Brigitte Lin / 金城武 Takeshi K...
                            1994 / 中国香港 / 剧情 爱情
                        


8.8

890161人评价",8.8,890161人评价,N/A
爱在日落黄昏时,"导演: 理查德·林克莱特 Richard Linklater   主演: 伊桑·霍克 Ethan Hawke ...
                            2004 / 美国 法国 / 剧情 爱情
                        


8.9

624276人评价


九年后的重逢是世俗和责任的交叠，没了悸动和青涩，沧桑而温暖。",8.9,624276人评价,九年后的重逢是世俗和责任的交叠，没了悸动和青涩，沧桑而温暖。
幽灵公主,"导演: 宫崎骏 Hayao Miyazaki   主演: 松田洋治 Yôji Matsuda / 石田百合...
                            1997 / 日本 / 动画 奇幻 冒险
                        


8.9

572187人评价",8.9,572187人评价,N/A
入殓师,"导演: 泷田洋二郎 Yôjirô Takita   主演: 本木雅弘 Masahiro Motoki / ...
                            2008 / 日本 / 剧情
                        


8.9

725041人评价


死可能是一道门，逝去并不是终结，而是超越，走向下一程。",8.9,725041人评价,死可能是一道门，逝去并不是终结，而是超越，走向下一程。
剪刀手爱德华,"导演: 蒂姆·波顿 Tim Burton   主演: 约翰尼·德普 Johnny Depp / 薇诺娜·...
                            1990 / 美国 / 剧情 爱情 奇幻
                        


8.7

1096240人评价",8.7,1096240人评价,N/A
断背山,"导演: 李安 Ang Lee   主演: 希斯·莱杰 Heath Ledger / 杰克·吉伦哈尔 Jake...
                            2005 / 美国 加拿大 / 剧情 爱情 同性 家庭
                        


8.8

757541人评价


每个人心中都有一座断背山。",8.8,757541人评价,每个人心中都有一座断背山。
菊次郎的夏天,"导演: 北野武 Takeshi Kitano   主演: 北野武 Takeshi Kitano / 关口雄介 Yus...
                            1999 / 日本 / 剧情 喜剧
                        


8.9

651782人评价",8.9,651782人评价,N/A
勇敢的心,"导演: 梅尔·吉布森 Mel Gibson   主演: 梅尔·吉布森 Mel Gibson / 苏菲·玛...
                            1995 / 美国 / 动作 传记 剧情 历史 战争
                        


8.9

591433人评价",8.9,591433人评价,N/A
未麻的部屋,"导演: 今敏 Satoshi Kon   主演: 岩男润子 Junko Iwao / 松本梨香 Rica Matsu...
                            1997 / 日本 / 剧情 犯罪 动画 悬疑 惊悚
                        


9.1

400496人评价",9.1,400496人评价,N/A
哈利·波特与火焰杯,"导演: 迈克·内威尔 Mike Newell   主演: 丹尼尔·雷德克里夫 Daniel Radclif...
                            2005 / 英国 美国 / 悬疑 奇幻 冒险
                        


8.8

763702人评价",8.8,763702人评价,N/A
借东西的小人阿莉埃蒂,"导演: 米林宏昌 Hiromasa Yonebayashi   主演: 志田未来 Mirai Shida / 神木...
                            2010 / 日本 / 动画 奇幻 冒险
                        


8.9

605034人评价


曾经的那段美好会沉淀为一辈子的记忆。",8.9,605034人评价,曾经的那段美好会沉淀为一辈子的记忆。
茶馆,"导演: 谢添 Tian Xie   主演: 于是之 Shizhi Yu / 郑榕 Rong Zhen / 蓝天野 T...
                            1982(中国大陆) / 中国大陆 / 剧情 历史
                        


9.6

189018人评价",9.6,189018人评价,N/A
时空恋旅人,"导演: 理查德·柯蒂斯 Richard Curtis   主演: 多姆纳尔·格里森 Domhnall Gl...
                            2013 / 英国 美国 / 喜剧 爱情 奇幻
                        


8.8

754678人评价


把每天当作最后一天般珍惜度过，积极拥抱生活，就是幸福。",8.8,754678人评价,把每天当作最后一天般珍惜度过，积极拥抱生活，就是幸福。
头脑特工队,"导演: 彼特·道格特 Pete Docter / 罗纳尔多·德尔·卡门 Ronaldo Del Carmen  &nb...
                            2015 / 美国 / 喜剧 动画 冒险
                        


8.8

757426人评价


愿我们都不用长大，每一座城堡都能永远存在。",8.8,757426人评价,愿我们都不用长大，每一座城堡都能永远存在。
消失的爱人,"导演: 大卫·芬奇 David Fincher   主演: 本·阿弗莱克 Ben Affleck / 罗莎蒙...
                            2014 / 美国 / 剧情 犯罪 悬疑 惊悚
                        


8.7

1039518人评价


年度最佳date movie。",8.7,1039518人评价,年度最佳date movie。
倩女幽魂,"导演: 程小东 Siu-Tung Ching   主演: 张国荣 Leslie Cheung / 王祖贤 Joey W...
                            1987 / 中国香港 / 爱情 奇幻 武侠 古装
                        


8.8

810681人评价",8.8,810681人评价,N/A
无人知晓,"导演: 是枝裕和 Hirokazu Koreeda   主演: 柳乐优弥 Yûya Yagira / 北浦爱...
                            2004 / 日本 / 剧情
                        


9.1

358518人评价


我的平常生活就是他人的幸福。",9.1,358518人评价,我的平常生活就是他人的幸福。
阳光灿烂的日子,"导演: 姜文 Wen Jiang   主演: 夏雨 Yu Xia / 宁静 Jing Ning / 陶虹 Hong Tao
                            1994 / 中国大陆 中国香港 / 剧情 爱情
                        


8.8

670081人评价",8.8,670081人评价,N/A
完美的世界,"导演: 克林特·伊斯特伍德 Clint Eastwood   主演: 凯文·科斯特纳 Kevin Cos...
                            1993 / 美国 / 剧情 犯罪
                        


9.1

347468人评价",9.1,347468人评价,N/A
天使爱美丽,"导演: 让-皮埃尔·热内 Jean-Pierre Jeunet   主演: 奥黛丽·塔图 Audrey Tau...
                            2001 / 法国 德国 / 剧情 喜剧 爱情
                        


8.7

1001105人评价",8.7,1001105人评价,N/A
小森林 夏秋篇,"导演: 森淳一 Junichi Mori   主演: 桥本爱 Ai Hashimoto / 三浦贵大 Takahir...
                            2014 / 日本 / 剧情
                        


9.0

458667人评价


那些静得只能听见呼吸的日子里，你明白孤独即生活。",9.0,458667人评价,那些静得只能听见呼吸的日子里，你明白孤独即生活。
驯龙高手,"导演: 迪恩·德布洛斯 Dean DeBlois / 克里斯·桑德斯 Chris Sanders   主演:...
                            2010 / 美国 / 动画 奇幻 冒险
                        


8.8

823717人评价


和谐的生活离不开摸头与被摸头。",8.8,823717人评价,和谐的生活离不开摸头与被摸头。
花样年华,"导演: 王家卫 Kar Wai Wong   主演: 张曼玉 Maggie Cheung / 梁朝伟 Tony Leu...
                            2000 / 中国香港 / 剧情 爱情
                        


8.8

758638人评价",8.8,758638人评价,N/A
新世界,"导演: 朴勋政 Hoon-jung Park   主演: 李政宰 Jung-Jae Lee / 崔岷植 Min-sik...
                            2013 / 韩国 / 剧情 犯罪
                        


8.9

502461人评价


要做就做得狠一点，这样才能活下去。",8.9,502461人评价,要做就做得狠一点，这样才能活下去。
傲慢与偏见,"导演: 乔·怀特 Joe Wright   主演: 凯拉·奈特莉 Keira Knightley / 马修·...
                            2005 / 法国 英国 美国 / 剧情 爱情
                        


8.7

885874人评价


爱是摈弃傲慢与偏见之后的曙光。",8.7,885874人评价,爱是摈弃傲慢与偏见之后的曙光。
侧耳倾听,"导演: 近藤喜文 Yoshifumi Kondo   主演: 本名阳子 Youko Honna / 小林桂树 K...
                            1995 / 日本 / 剧情 爱情 动画
                        


8.9

504178人评价",8.9,504178人评价,N/A
请以你的名字呼唤我,"导演: 卢卡·瓜达尼诺 Luca Guadagnino   主演: 艾米·汉莫 Armie Hammer / ...
                            2017 / 意大利 法国 巴西 美国 / 剧情 爱情 同性
                        


8.8

793780人评价


沉醉在电影的情感和视听氛围中无法自拔。",8.8,793780人评价,沉醉在电影的情感和视听氛围中无法自拔。
一个叫欧维的男人决定去死,"导演: 汉内斯·赫尔姆 Hannes Holm   主演: 罗夫·拉斯加德 Rolf Lassgård...
                            2015 / 瑞典 / 剧情
                        


8.9

541754人评价


惠及一生的美丽。",8.9,541754人评价,惠及一生的美丽。
怪兽电力公司,"导演: 彼特·道格特 Pete Docter / 大卫·斯沃曼 David Silverman   主演: 约...
                            2001 / 美国 / 儿童 喜剧 动画 奇幻 冒险
                        


8.8

741482人评价",8.8,741482人评价,N/A
玩具总动员3,"导演: 李·昂克里奇 Lee Unkrich   主演: 汤姆·汉克斯 Tom Hanks / 蒂姆·艾...
                            2010 / 美国 / 喜剧 动画 奇幻 冒险
                        


8.9

569272人评价


跨度十五年的欢乐与泪水。",8.9,569272人评价,跨度十五年的欢乐与泪水。
教父3,"导演: 弗朗西斯·福特·科波拉 Francis Ford Coppola   主演: 阿尔·帕西诺 A...
                            1990 / 美国 / 剧情 犯罪
                        


9.0

413811人评价",9.0,413811人评价,N/A
幸福终点站,"导演: 史蒂文·斯皮尔伯格 Steven Spielberg   主演: 汤姆·汉克斯 Tom Hanks...
                            2004 / 美国 / 喜剧 剧情 爱情
                        


8.8

620169人评价


有时候幸福需要等一等。",8.8,620169人评价,有时候幸福需要等一等。 
色，戒,"导演: 李安 Ang Lee   主演: 梁朝伟 Tony Leung Chiu Wai / 汤唯 Wei Tang / ...
                            2007 / 中国台湾 中国大陆 美国 中国香港 / 剧情 爱情 情色
                        


8.7

918399人评价


假戏真情，爱欲深海",8.7,918399人评价,假戏真情，爱欲深海
哪吒闹海,"导演: 王树忱 Shuchen Wang / 严定宪 Dingxian Yan   主演: 梁正晖 Zhenghui ...
                            1979 / 中国大陆 / 冒险 动画 奇幻
                        


9.2

294908人评价",9.2,294908人评价,N/A
小森林 冬春篇,"导演: 森淳一 Junichi Mori   主演: 桥本爱 Ai Hashimoto / 三浦贵大 Takahir...
                            2015 / 日本 / 剧情
                        


9.0

408275人评价


尊敬他人，尊敬你生活的这片土地，明白孤独是人生的常态。",9.0,408275人评价,尊敬他人，尊敬你生活的这片土地，明白孤独是人生的常态。
被解救的姜戈,"导演: 昆汀·塔伦蒂诺 Quentin Tarantino   主演: 杰米·福克斯 Jamie Foxx /...
                            2012 / 美国 / 剧情 动作 西部 冒险
                        


8.8

665433人评价


热血沸腾，那个低俗、性感的无耻混蛋又来了。",8.8,665433人评价,热血沸腾，那个低俗、性感的无耻混蛋又来了。
九品芝麻官,"导演: 王晶 Jing Wong   主演: 周星驰 Stephen Chow / 吴孟达 Man Tat Ng / ...
                            1994 / 中国香港 / 剧情 喜剧 古装
                        


8.8

760678人评价",8.8,760678人评价,N/A
釜山行,"导演: 延尚昊 Sang-ho Yeon   主演: 孔侑 Yoo Gong / 郑有美 Yu-mi Jung / 马...
                            2016 / 韩国 / 动作 惊悚 灾难
                        


8.6

1305747人评价


揭露人性的丧尸题材力作。",8.6,1305747人评价,揭露人性的丧尸题材力作。
神偷奶爸,"导演: 皮艾尔·柯芬 Pierre Coffin / 克里斯·雷纳德 Chris Renaud   主演: ...
                            2010 / 美国 法国 / 喜剧 动画 冒险
                        


8.7

1018622人评价


Mr. I Don't Care其实也有Care的时候。",8.7,1018622人评价,Mr. I Don't Care其实也有Care的时候。
萤火之森,"导演: 大森贵弘 Takahiro Omori   主演: 佐仓绫音 Ayane Sakura / 内山昂辉 K...
                            2011 / 日本 / 剧情 爱情 动画 奇幻
                        


8.8

589253人评价


触不到的恋人。",8.8,589253人评价,触不到的恋人。
告白,"导演: 中岛哲也 Tetsuya Nakashima   主演: 松隆子 Takako Matsu / 冈田将生 ...
                            2010 / 日本 / 剧情 悬疑
                        


8.8

720038人评价


没有一人完全善，也没有一人完全恶。",8.8,720038人评价,没有一人完全善，也没有一人完全恶。
喜宴,"导演: 李安 Ang Lee   主演: 赵文瑄 Winston Chao / 归亚蕾 Ya-lei Kuei / 郎...
                            1993 / 中国台湾 美国 / 剧情 喜剧 爱情 同性 家庭
                        


9.0

408744人评价",9.0,408744人评价,N/A
头号玩家,"导演: 史蒂文·斯皮尔伯格 Steven Spielberg   主演: 泰伊·谢里丹 Tye Sheri...
                            2018 / 美国 / 动作 科幻 冒险
                        


8.6

1470063人评价


写给影迷，动漫迷和游戏迷的一封情书。",8.6,1470063人评价,写给影迷，动漫迷和游戏迷的一封情书。
玛丽和马克思,"导演: 亚当·艾略特 Adam Elliot   主演: 托妮·科莱特 Toni Collette / 菲利...
                            2009 / 澳大利亚 美国 / 剧情 喜剧 动画
                        


9.0

446848人评价


你是我最好的朋友，你是我唯一的朋友 。",9.0,446848人评价,你是我最好的朋友，你是我唯一的朋友 。
模仿游戏,"导演: 莫滕·泰杜姆 Morten Tyldum   主演: 本尼迪克特·康伯巴奇 Benedict C...
                            2014 / 英国 美国 / 剧情 传记 战争 同性
                        


8.8

701506人评价


他给机器起名“克里斯托弗”，因为这是他初恋的名字。",8.8,701506人评价,他给机器起名“克里斯托弗”，因为这是他初恋的名字。
大鱼,"导演: 蒂姆·波顿 Tim Burton   主演: 伊万·麦克格雷格 Ewan McGregor / 阿...
                            2003 / 美国 / 剧情 爱情 奇幻 冒险
                        


8.8

608855人评价",8.8,608855人评价,N/A
七武士,"导演: 黑泽明 Akira Kurosawa   主演: 三船敏郎 Toshirô Mifune / 志村乔 ...
                            1954 / 日本 / 动作 冒险 剧情
                        


9.3

221920人评价",9.3,221920人评价,N/A
惊魂记,"导演: 阿尔弗雷德·希区柯克 Alfred Hitchcock   主演: 安东尼·博金斯 Antho...
                            1960 / 美国 / 悬疑 惊悚 恐怖
                        


9.0

337794人评价",9.0,337794人评价,N/A
射雕英雄传之东成西就,"导演: 刘镇伟 Jeffrey Lau   主演: 梁朝伟 Tony Leung Chiu Wai / 林青霞 Bri...
                            1993 / 中国香港 / 喜剧 奇幻 武侠 古装
                        


8.7

695857人评价",8.7,695857人评价,N/A
血战钢锯岭,"导演: 梅尔·吉布森 Mel Gibson   主演: 安德鲁·加菲尔德 Andrew Garfield /...
                            2016 / 澳大利亚 美国 / 剧情 传记 历史 战争
                        


8.7

836003人评价


优秀的战争片不会美化战场，不会粉饰死亡，不会矮化敌人，不会无视常识，最重要的，不会宣扬战争。",8.7,836003人评价,优秀的战争片不会美化战场，不会粉饰死亡，不会矮化敌人，不会无视常识，最重要的，不会宣扬战争。
我是山姆,"导演: 杰茜·尼尔森 Jessie Nelson   主演: Sean Penn / Dakota Fanning / Mi...
                            2001 / 美国 / 剧情 家庭
                        


9.0

364994人评价",9.0,364994人评价,N/A
你的名字。,"导演: 新海诚 Makoto Shinkai   主演: 神木隆之介 Ryûnosuke Kamiki / 上...
                            2016 / 日本 / 剧情 爱情 动画
                        


8.5

1542433人评价


穿越错位的时空，仰望陨落的星辰，你没留下你的名字，我却无法忘记那句“我爱你”。",8.5,1542433人评价,穿越错位的时空，仰望陨落的星辰，你没留下你的名字，我却无法忘记那句“我爱你”。
阳光姐妹淘,"导演: 姜炯哲 Hyeong-Cheol Kang   主演: 沈恩京 Eun-kyung Shim / 闵孝琳 Hy...
                            2011 / 韩国 / 剧情 喜剧
                        


8.8

622095人评价


再多各自牛逼的时光，也比不上一起傻逼的岁月。",8.8,622095人评价,再多各自牛逼的时光，也比不上一起傻逼的岁月。 
恐怖直播,"导演: 金秉祐 Byeong-woo Kim   主演: 河正宇 Jung-woo Ha / 李璟荣 Kyeong-y...
                            2013 / 韩国 / 剧情 犯罪 悬疑
                        


8.7

707085人评价


恐怖分子的“秋菊打官司”。",8.7,707085人评价,恐怖分子的“秋菊打官司”。
黑客帝国3：矩阵革命,"导演: 拉娜·沃卓斯基 Lana Wachowski / 莉莉·沃卓斯基 Lilly Wachowski   ...
                            2003 / 美国 / 动作 科幻
                        


8.8

481971人评价",8.8,481971人评价,N/A
背靠背，脸对脸,"导演: 黄建新 Jianxin Huang / 杨亚洲 Yazhou Yang   主演: 牛振华 Zhenhua N...
                            1994 / 中国大陆 中国香港 / 剧情
                        


9.5

165655人评价",9.5,165655人评价,N/A
电锯惊魂,"导演: 詹姆斯·温 James Wan   主演: 雷·沃纳尔 Leigh Whannell / 加利·艾...
                            2004 / 美国 / 悬疑 惊悚 恐怖
                        


8.7

588481人评价


真相就在眼前。",8.7,588481人评价,真相就在眼前。
心灵奇旅,"导演: 彼特·道格特 Pete Docter / 凯普·鲍尔斯 Kemp Powers   主演: 杰米·...
                            2020 / 美国 / 动画 奇幻 音乐
                        


8.7

1092362人评价",8.7,1092362人评价,N/A
三块广告牌,"导演: 马丁·麦克唐纳 Martin McDonagh   主演: 弗兰西斯·麦克多蒙德 France...
                            2017 / 英国 美国 / 剧情 犯罪
                        


8.7

891130人评价


怼天怼地，你走后，她与世界为敌。",8.7,891130人评价,怼天怼地，你走后，她与世界为敌。
小丑,"导演: 托德·菲利普斯 Todd Phillips   主演: 杰昆·菲尼克斯 Joaquin Phoeni...
                            2019 / 美国 加拿大 / 剧情 犯罪 惊悚
                        


8.7

1097119人评价",8.7,1097119人评价,N/A
达拉斯买家俱乐部,"导演: 让-马克·瓦雷 Jean-Marc Vallée   主演: 马修·麦康纳 Matthew McCon...
                            2013 / 美国 / 剧情 传记 同性
                        


8.8

490188人评价


Jared Leto的腿比女人还美！",8.8,490188人评价,Jared Leto的腿比女人还美！
谍影重重3,"导演: 保罗·格林格拉斯 Paul Greengrass   主演: 马特·达蒙 Matt Damon / ...
                            2007 / 美国 德国 法国 英国 / 动作 悬疑 惊悚
                        


8.9

453795人评价


像吃了苏打饼一样干脆的电影。",8.9,453795人评价,像吃了苏打饼一样干脆的电影。
疯狂原始人,"导演: 科克·德·米科 Kirk De Micco / 克里斯·桑德斯 Chris Sanders   主演...
                            2013 / 美国 / 喜剧 动画 冒险
                        


8.7

896942人评价


老少皆宜，这就是好莱坞动画的魅力。",8.7,896942人评价,老少皆宜，这就是好莱坞动画的魅力。
绿里奇迹,"导演: 弗兰克·德拉邦特 Frank Darabont   主演: 汤姆·汉克斯 Tom Hanks / ...
                            1999 / 美国 / 犯罪 剧情 奇幻 悬疑
                        


8.9

372533人评价",8.9,372533人评价,N/A
无间道2,"导演: 刘伟强 Andrew Lau / 麦兆辉 Alan Mak   主演: 陈冠希 Edison Chen / ...
                            2003 / 中国香港 / 剧情 犯罪 惊悚
                        


8.8

541951人评价",8.8,541951人评价,N/A
爱在午夜降临前,"导演: 理查德·林克莱特 Richard Linklater   主演: 伊桑·霍克 Ethan Hawke ...
                            2013 / 美国 希腊 / 剧情 爱情
                        


8.9

451550人评价


所谓爱情，就是话唠一路，都不会心生腻烦，彼此嫌弃。",8.9,451550人评价,所谓爱情，就是话唠一路，都不会心生腻烦，彼此嫌弃。
海街日记,"导演: 是枝裕和 Hirokazu Koreeda   主演: 绫濑遥 Haruka Ayase / 长泽雅美 M...
                            2015 / 日本 / 剧情 家庭
                        


8.8

499989人评价


是枝裕和的家庭习作。",8.8,499989人评价,是枝裕和的家庭习作。
上帝之城,"导演: 费尔南多·梅里尔斯 Fernando Meirelles / 卡迪亚·兰德 Kátia Lund  &nbsp...
                            2002 / 巴西 法国 / 犯罪 剧情
                        


9.0

323877人评价",9.0,323877人评价,N/A
英雄本色,"导演: 吴宇森 John Woo   主演: 周润发 Yun-Fat Chow / 狄龙 Lung Ti / 张国...
                            1986 / 中国香港 / 剧情 动作 犯罪
                        


8.6

588115人评价",8.6,588115人评价,N/A
风之谷,"导演: 宫崎骏 Hayao Miyazaki   主演: 岛本须美 Sumi Shimamoto / 松田洋治 Y...
                            1984 / 日本 / 动画 奇幻 冒险
                        


8.9

381970人评价",8.9,381970人评价,N/A
疯狂的石头,"导演: 宁浩 Hao Ning   主演: 郭涛 Tao Guo / 刘桦 Hua Liu / 连晋 Teddy Lin
                            2006 / 中国大陆 中国香港 / 喜剧 犯罪
                        


8.6

895571人评价


中国版《两杆大烟枪》。",8.6,895571人评价,中国版《两杆大烟枪》。
心迷宫,"导演: 忻钰坤 Yukun Xin   主演: 霍卫民 Weimin Huo / 王笑天 Xiaotian Wang ...
                            2014 / 中国大陆 / 剧情 犯罪 悬疑
                        


8.7

589660人评价


荒诞讽刺，千奇百巧，抽丝剥茧，百转千回。",8.7,589660人评价,荒诞讽刺，千奇百巧，抽丝剥茧，百转千回。
雨中曲,"导演: 斯坦利·多南 Stanley Donen / 吉恩·凯利 Gene Kelly   主演: 吉恩·...
                            1952 / 美国 / 喜剧 歌舞 爱情
                        


9.1

255577人评价",9.1,255577人评价,N/A
2001太空漫游,"导演: 斯坦利·库布里克 Stanley Kubrick   主演: 凯尔·杜拉 Keir Dullea / ...
                            1968 / 英国 美国 / 科幻 惊悚 冒险
                        


8.9

374924人评价",8.9,374924人评价,N/A
纵横四海,"导演: 吴宇森 John Woo   主演: 周润发 Yun-Fat Chow / 张国荣 Leslie Cheung...
                            1991 / 中国香港 / 剧情 喜剧 动作 犯罪
                        


8.8

461114人评价",8.8,461114人评价,N/A
记忆碎片,"导演: 克里斯托弗·诺兰 Christopher Nolan   主演: 盖·皮尔斯 Guy Pearce /...
                            2000 / 美国 / 犯罪 剧情 悬疑 惊悚
                        


8.7

649668人评价",8.7,649668人评价,N/A
卢旺达饭店,"导演: 特瑞·乔治 Terry George   主演: 唐·钱德尔 Don Cheadle / 苏菲·奥...
                            2004 / 英国 南非 意大利 美国 / 剧情 传记 历史 战争
                        


8.9

356841人评价


当这个世界闭上双眼，他却敞开了怀抱。",8.9,356841人评价,当这个世界闭上双眼，他却敞开了怀抱。
末路狂花,"导演: 雷德利·斯科特 Ridley Scott   主演: 吉娜·戴维斯 Geena Davis / 苏...
                            1991 / 美国 英国 法国 / 犯罪 剧情 惊悚
                        


9.0

316483人评价",9.0,316483人评价,N/A
无敌破坏王,"导演: 瑞奇·莫尔 Rich Moore   主演: 约翰·C·赖利 John C. Reilly / 萨拉...
                            2012 / 美国 / 喜剧 动画 奇幻 冒险
                        


8.7

592032人评价


迪士尼和皮克斯拿错剧本的产物。",8.7,592032人评价,迪士尼和皮克斯拿错剧本的产物。
小偷家族,"导演: 是枝裕和 Hirokazu Koreeda   主演: 中川雅也 Lily Franky / 安藤樱 Sa...
                            2018 / 日本 / 剧情 犯罪 家庭
                        


8.7

874377人评价


我们组成了家。",8.7,874377人评价,我们组成了家。
高山下的花环,"导演: 谢晋 Jin Xie   主演: 吕晓禾 Xiaohe Lü / 唐国强 Guoqiang Tang / 何...
                            1984(中国大陆) / 1985 / 中国大陆 / 剧情 战争
                        


9.5

137914人评价",9.5,137914人评价,N/A
冰川时代,"导演: 卡洛斯·沙尔丹哈 Carlos Saldanha / 克里斯·韦奇 Chris Wedge   主演...
                            2002 / 美国 / 喜剧 动画 冒险
                        


8.6

665989人评价",8.6,665989人评价,N/A
牯岭街少年杀人事件,"导演: 杨德昌 Edward Yang   主演: 张震 Chen Chang / 杨静怡 Lisa Yang / 张...
                            1991 / 中国台湾 / 剧情 犯罪
                        


8.9

347020人评价",8.9,347020人评价,N/A
恐怖游轮,"导演: 克里斯托弗·史密斯 Christopher Smith   主演: 梅利莎·乔治 Melissa ...
                            2009 / 英国 澳大利亚 / 剧情 悬疑 惊悚
                        


8.5

952765人评价


不要企图在重复中寻找已经失去的爱。",8.5,952765人评价,不要企图在重复中寻找已经失去的爱。
东京教父,"导演: 今敏 Satoshi Kon   主演: 江守彻 Toru Emori / 梅垣义明 Yoshiaki Ume...
                            2003 / 日本 / 剧情 喜剧 动画
                        


9.0

273385人评价",9.0,273385人评价,N/A
岁月神偷,"导演: 罗启锐 Alex Law   主演: 吴君如 Sandra Ng / 任达华 Simon Yam / 钟绍...
                            2010 / 中国香港 中国大陆 / 剧情 家庭
                        


8.7

602407人评价


岁月流逝，来日可追。",8.7,602407人评价,岁月流逝，来日可追。
忠犬八公物语,"导演: 神山征二郎 Seijirô Kôyama   主演: 仲代达矢 Tatsuya Nakadai /...
                            1987 / 日本 / 剧情
                        


9.2

211991人评价",9.2,211991人评价,N/A
魔女宅急便,"导演: 宫崎骏 Hayao Miyazaki   主演: 高山南 Minami Takayama / 佐久间玲 Re...
                            1989 / 日本 / 动画 奇幻 冒险
                        


8.7

505104人评价",8.7,505104人评价,N/A
荒蛮故事,"导演: 达米安·斯兹弗隆 Damián Szifron   主演: 达里奥·葛兰帝内提 Darío...
                            2014 / 阿根廷 西班牙 / 剧情 喜剧 犯罪
                        


8.8

483812人评价


始于荒诞，止于更荒诞。",8.8,483812人评价,始于荒诞，止于更荒诞。
遗愿清单,"导演: 罗伯·莱纳 Rob Reiner   主演: 杰克·尼科尔森 Jack Nicholson / 摩根...
                            2007 / 美国 / 冒险 喜剧 剧情
                        


8.7

514821人评价


用剩余不多的时间，去燃烧整个生命。",8.7,514821人评价,用剩余不多的时间，去燃烧整个生命。
大佛普拉斯,"导演: 黄信尧 Hsin-yao Huang   主演: 庄益增 Yizeng Zhuang / 陈竹昇 Chu-sh...
                            2017 / 中国台湾 / 剧情 喜剧
                        


8.7

528311人评价


人们可以登上月球，却永远无法探索人们内心的宇宙。",8.7,528311人评价,人们可以登上月球，却永远无法探索人们内心的宇宙。
贫民窟的百万富翁,"导演: 丹尼·鲍尔 Danny Boyle / 洛芙琳·坦丹 Loveleen Tandan   主演: 戴夫...
                            2008 / 英国 / 剧情 爱情
                        


8.6

790743人评价


上帝之城+猜火车+阿甘正传+开心辞典=山寨富翁",8.6,790743人评价,上帝之城+猜火车+阿甘正传+开心辞典=山寨富翁
东邪西毒,"导演: 王家卫 Kar Wai Wong   主演: 张国荣 Leslie Cheung / 林青霞 Brigitte...
                            1994 / 中国香港 中国台湾 / 剧情 动作 爱情 武侠 古装
                        


8.6

618534人评价",8.6,618534人评价,N/A
源代码,"导演: 邓肯·琼斯 Duncan Jones   主演: 杰克·吉伦哈尔 Jake Gyllenhaal / ...
                            2011 / 美国 加拿大 / 科幻 悬疑 惊悚
                        


8.6

898607人评价


邓肯·琼斯继《月球》之后再度奉献出一部精彩绝伦的科幻佳作。",8.6,898607人评价,邓肯·琼斯继《月球》之后再度奉献出一部精彩绝伦的科幻佳作。
你看起来好像很好吃,"导演: 藤森雅也 Masaya Fujimori   主演: 山口胜平 Kappei Yamaguchi / 爱河...
                            2010 / 日本 / 剧情 动画 儿童
                        


8.9

362060人评价


感情不分食草或者食肉。",8.9,362060人评价,感情不分食草或者食肉。
疯狂的麦克斯4：狂暴之路,"导演: 乔治·米勒 George Miller   主演: 汤姆·哈迪 Tom Hardy / 查理兹·塞...
                            2015 / 澳大利亚 美国 / 动作 科幻 冒险
                        


8.7

597520人评价


“多么美好的一天！”轰轰轰砰咚，啪哒哒哒轰隆隆，磅~",8.7,597520人评价,“多么美好的一天！”轰轰轰砰咚，啪哒哒哒轰隆隆，磅~
芙蓉镇,"导演: 谢晋 Jin Xie   主演: 刘晓庆 Xiaoqing Liu / 姜文 Wen Jiang / 郑在石...
                            1987 / 中国大陆 / 剧情 爱情
                        


9.3

173773人评价",9.3,173773人评价,N/A
可可西里,"导演: 陆川 Chuan Lu   主演: 多布杰 Duobujie / 张磊 Lei Zhang / 亓亮 Qi L...
                            2004 / 中国大陆 中国香港 / 剧情 犯罪
                        


8.9

332915人评价


坚硬的信仰。",8.9,332915人评价,坚硬的信仰。
爆裂鼓手,"导演: 达米恩·查泽雷 Damien Chazelle   主演: 迈尔斯·特勒 Miles Teller /...
                            2014 / 美国 / 剧情 音乐
                        


8.6

664598人评价


这个世界从不善待努力的人，努力了也不一定会成功，但是知道自己在努力，就是活下去的动力。",8.6,664598人评价,这个世界从不善待努力的人，努力了也不一定会成功，但是知道自己在努力，就是活下去的动力。
城市之光,"导演: 查理·卓别林 Charles Chaplin   主演: 查理·卓别林 Charles Chaplin ...
                            1931 / 美国 / 喜剧 剧情 爱情
                        


9.3

164294人评价",9.3,164294人评价,N/A
波西米亚狂想曲,"导演: 布莱恩·辛格 Bryan Singer   主演: 拉米·马雷克 Rami Malek / 本·哈...
                            2018 / 英国 美国 / 剧情 传记 同性 音乐
                        


8.6

666542人评价",8.6,666542人评价,N/A
花束般的恋爱,"导演: 土井裕泰 Nobuhiro Doi   主演: 菅田将晖 Masaki Suda / 有村架纯 Kasu...
                            2021 / 日本 / 剧情 爱情
                        


8.6

767688人评价",8.6,767688人评价,N/A
黑天鹅,"导演: 达伦·阿罗诺夫斯基 Darren Aronofsky   主演: 娜塔莉·波特曼 Natalie...
                            2010 / 美国 / 剧情 惊悚
                        


8.6

825552人评价


黑暗之美。",8.6,825552人评价,黑暗之美。
青蛇,"导演: 徐克 Hark Tsui   主演: 张曼玉 Maggie Cheung / 王祖贤 Joey Wang / ...
                            1993 / 中国香港 中国大陆 / 剧情 爱情 奇幻 古装
                        


8.6

573065人评价",8.6,573065人评价,N/A
爱乐之城,"导演: 达米恩·查泽雷 Damien Chazelle   主演: 瑞恩·高斯林 Ryan Gosling /...
                            2016 / 美国 / 剧情 爱情 歌舞
                        


8.4

1048209人评价",8.4,1048209人评价,N/A
白日梦想家,"导演: 本·斯蒂勒 Ben Stiller   主演: 本·斯蒂勒 Ben Stiller / 克里斯汀·...
                            2013 / 美国 英国 / 剧情 喜剧 冒险
                        


8.6

599981人评价",8.6,599981人评价,N/A
哈利·波特与死亡圣器(上),"导演: 大卫·叶茨 David Yates   主演: 丹尼尔·雷德克里夫 Daniel Radcliffe...
                            2010 / 英国 美国 / 奇幻 冒险
                        


8.6

664666人评价


最忠于原著的一部。",8.6,664666人评价,最忠于原著的一部。
终结者2：审判日,"导演: 詹姆斯·卡梅隆 James Cameron   主演: 阿诺·施瓦辛格 Arnold Schwarz...
                            1991 / 美国 法国 / 动作 科幻
                        


8.8

370307人评价",8.8,370307人评价,N/A
初恋这件小事,"导演: 普特鹏·普罗萨卡·那·萨克那卡林 Puttipong Promsaka Na Sakolnakorn / 华森·波克彭...
                            2010 / 泰国 / 剧情 喜剧 爱情
                        


8.5

1031111人评价


黑小鸭速效美白记。",8.5,1031111人评价,黑小鸭速效美白记。
雨人,"导演: 巴瑞·莱文森 Barry Levinson   主演: 达斯汀·霍夫曼 Dustin Hoffman ...
                            1988 / 美国 / 剧情
                        


8.7

431974人评价",8.7,431974人评价,N/A
无耻混蛋,"导演: 昆汀·塔伦蒂诺 Quentin Tarantino   主演: 布拉德·皮特 Brad Pitt / ...
                            2009 / 德国 美国 / 剧情 犯罪
                        


8.7

530990人评价


昆汀同学越来越变态了，比北野武还杜琪峰。",8.7,530990人评价,昆汀同学越来越变态了，比北野武还杜琪峰。
人工智能,"导演: 史蒂文·斯皮尔伯格 Steven Spielberg   主演: 海利·乔·奥斯蒙 Haley...
                            2001 / 美国 英国 / 剧情 科幻
                        


8.7

485608人评价",8.7,485608人评价,N/A
新龙门客栈,"导演: 李惠民 Raymond Lee   主演: 张曼玉 Maggie Cheung / 林青霞 Brigitte ...
                            1992 / 中国香港 中国大陆 / 动作 爱情 武侠 古装
                        


8.7

488445人评价",8.7,488445人评价,N/A
虎口脱险,"导演: 杰拉尔·乌里 Gérard Oury   主演: 路易·德·菲耐斯 Louis de Funès...
                            1966 / 法国 英国 / 喜剧 战争
                        


8.9

283894人评价",8.9,283894人评价,N/A
真爱至上,"导演: 理查德·柯蒂斯 Richard Curtis   主演: 休·格兰特 Hugh Grant / 连姆...
                            2003 / 英国 美国 法国 / 喜剧 剧情 爱情
                        


8.5

787676人评价",8.5,787676人评价,N/A
崖上的波妞,"导演: 宫崎骏 Hayao Miyazaki   主演: 奈良柚莉爱 Yuria Nara / 土井洋辉 Hir...
                            2008 / 日本 / 动画 奇幻 冒险
                        


8.6

551905人评价",8.6,551905人评价,N/A
恋恋笔记本,"导演: 尼克·卡索维茨 Nick Cassavetes   主演: 瑞恩·高斯林 Ryan Gosling /...
                            2004 / 美国 / 剧情 爱情
                        


8.5

726942人评价


爱情没有那么多借口，如果不能圆满，只能说明爱的不够。",8.5,726942人评价,爱情没有那么多借口，如果不能圆满，只能说明爱的不够。 
罗生门,"导演: 黑泽明 Akira Kurosawa   主演: 三船敏郎 Toshirô Mifune / 京町子 ...
                            1950 / 日本 / 剧情 犯罪 悬疑
                        


8.8

345233人评价",8.8,345233人评价,N/A
千钧一发,"导演: 安德鲁·尼科尔 Andrew Niccol   主演: 伊桑·霍克 Ethan Hawke / 乌玛...
                            1997 / 美国 / 剧情 科幻 惊悚
                        


8.8

332805人评价",8.8,332805人评价,N/A
大红灯笼高高挂,"导演: 张艺谋 Yimou Zhang   主演: 巩俐 Li Gong / 马精武 Jingwu Ma / 何赛...
                            1991 / 中国大陆 中国香港 中国台湾 / 剧情
                        


8.8

342845人评价",8.8,342845人评价,N/A
彗星来的那一夜,"导演: 詹姆斯·沃德·布柯特 James Ward Byrkit   主演: 艾米丽·芭尔多尼 Em...
                            2013 / 美国 英国 / 科幻 悬疑 惊悚
                        


8.6

653236人评价


小成本大魅力。",8.6,653236人评价,小成本大魅力。
哈利·波特与凤凰社,"导演: 大卫·叶茨 David Yates   主演: 丹尼尔·雷德克里夫 Daniel Radcliffe...
                            2007 / 英国 美国 / 奇幻 冒险
                        


8.5

663405人评价",8.5,663405人评价,N/A
海边的曼彻斯特,"导演: 肯尼斯·罗纳根 Kenneth Lonergan   主演: 卡西·阿弗莱克 Casey Affle...
                            2016 / 美国 / 剧情 家庭
                        


8.6

621428人评价


我们都有权利不与自己的过去和解。",8.6,621428人评价,我们都有权利不与自己的过去和解。
火星救援,"导演: 雷德利·斯科特 Ridley Scott   主演: 马特·达蒙 Matt Damon / 杰西卡...
                            2015 / 英国 美国 匈牙利 约旦 / 剧情 科幻 冒险
                        


8.5

802658人评价",8.5,802658人评价,N/A
黑客帝国2：重装上阵,"导演: 拉娜·沃卓斯基 Lana Wachowski / 莉莉·沃卓斯基 Lilly Wachowski   ...
                            2003 / 美国 / 动作 科幻
                        


8.7

440346人评价",8.7,440346人评价,N/A
机器人之梦,"导演: 巴勃罗·贝格尔 Pablo Berger   主演: 伊万·拉班达 Ivan Labanda / 阿...
                            2023 / 西班牙 法国 / 剧情 动画 音乐
                        


9.1

344231人评价",9.1,344231人评价,N/A
萤火虫之墓,"导演: 高畑勋 Isao Takahata   主演: 辰己努 / 白石绫乃 / 志乃原良子
                            1988 / 日本 / 动画 剧情 战争
                        


8.7

429092人评价",8.7,429092人评价,N/A
奇迹男孩,"导演: 斯蒂芬·卓博斯基 Stephen Chbosky   主演: 雅各布·特伦布莱 Jacob Tr...
                            2017 / 美国 中国香港 / 剧情 儿童 家庭
                        


8.6

586466人评价


世界不完美，爱会有奇迹。",8.6,586466人评价,世界不完美，爱会有奇迹。
战争之王,"导演: 安德鲁·尼科尔 Andrew Niccol   主演: 尼古拉斯·凯奇 Nicolas Cage /...
                            2005 / 美国 德国 / 剧情 犯罪
                        


8.7

401957人评价


做一颗让别人需要你的棋子。",8.7,401957人评价,做一颗让别人需要你的棋子。
千年女优,"导演: 今敏 Satoshi Kon   主演: 庄司美代子 Miyoko Shôji / 小山茉美 Mam...
                            2001 / 日本 / 动画 剧情 爱情
                        


8.8

304217人评价",8.8,304217人评价,N/A
步履不停,"导演: 是枝裕和 Hirokazu Koreeda   主演: 阿部宽 Hiroshi Abe / 夏川结衣 Yu...
                            2008 / 日本 / 剧情 家庭
                        


8.8

310109人评价


日本的家庭电影已经是世界巅峰了，步履不停是巅峰中的佳作。",8.8,310109人评价,日本的家庭电影已经是世界巅峰了，步履不停是巅峰中的佳作。
血钻,"导演: 爱德华·兹威克 Edward Zwick   主演: 莱昂纳多·迪卡普里奥 Leonardo ...
                            2006 / 美国 德国 英国 / 剧情 惊悚 冒险
                        


8.7

410304人评价


每个美丽事物背后都是滴血的现实。",8.7,410304人评价,每个美丽事物背后都是滴血的现实。
谍影重重2,"导演: 保罗·格林格拉斯 Paul Greengrass   主演: 马特·达蒙 Matt Damon / ...
                            2004 / 美国 德国 / 动作 悬疑 惊悚
                        


8.7

384481人评价


谁说王家卫镜头很晃？",8.7,384481人评价,谁说王家卫镜头很晃？
蜘蛛侠：平行宇宙,"导演: 鲍勃·佩尔西凯蒂 Bob Persichetti / 彼得·拉姆齐 Peter Ramsey   主...
                            2018 / 美国 / 动作 科幻 动画 冒险
                        


8.6

732031人评价",8.6,732031人评价,N/A
魂断蓝桥,"导演: 茂文·勒鲁瓦 Mervyn LeRoy   主演: 费雯·丽 Vivien Leigh / 罗伯特·...
                            1940 / 美国 / 剧情 爱情 战争
                        


8.8

301151人评价",8.8,301151人评价,N/A
房间,"导演: 伦尼·阿伯拉罕森 Lenny Abrahamson   主演: 布丽·拉尔森 Brie Larson...
                            2015 / 爱尔兰 加拿大 英国 美国 / 剧情 家庭
                        


8.8

391501人评价


被偷走的岁月，被伤害的生命，被禁锢的灵魂，终将被希望和善意救赎。",8.8,391501人评价,被偷走的岁月，被伤害的生命，被禁锢的灵魂，终将被希望和善意救赎。
冰雪奇缘,"导演: 克里斯·巴克 Chris Buck / 珍妮弗·李 Jennifer Lee   主演: 克里斯汀...
                            2013 / 美国 / 喜剧 动画 奇幻 歌舞
                        


8.5

778249人评价",8.5,778249人评价,N/A
隐藏人物,"导演: 特奥多尔·梅尔菲 Theodore Melfi   主演: 塔拉吉·P·汉森 Taraji P. ...
                            2016 / 美国 / 剧情 传记 历史
                        


8.9

255274人评价",8.9,255274人评价,N/A
谍影重重,"导演: 道格·里曼 Doug Liman   主演: 马特·达蒙 Matt Damon / 弗兰卡·波坦...
                            2002 / 美国 德国 捷克 / 动作 悬疑 惊悚
                        


8.6

468564人评价",8.6,468564人评价,N/A
弱点,"导演: 约翰·李·汉考克 John Lee Hancock   主演: 桑德拉·布洛克 Sandra Bu...
                            2009 / 美国 / 剧情 家庭 传记 运动
                        


8.7

344901人评价


拍掉身上的悲伤，从今天开始重新踏上追梦之旅。",8.7,344901人评价,拍掉身上的悲伤，从今天开始重新踏上追梦之旅。
